Name,Email,Phone
Tommie Goody,ckaubischdv@wikia.com,307-726-6526
Obadiah Godfery,ckaubischdv@wikia.com,307-726-6526
Hewe Andriulis,ckaubischdv@wikia.com,307-726-6526
Nicola Schaffel,ckaubischdv@wikia.com,307-726-6526
Linnet Fellgate,ckaubischdv@wikia.com,307-726-6526
Jeannine Espinola,ckaubischdv@wikia.com,307-726-6526
Ferdie Arlet,ckaubischdv@wikia.com,307-726-6526
Deb Risebarer,ckaubischdv@wikia.com,307-726-6526
Randell Girt,ckaubischdv@wikia.com,307-726-6526
Ree Totman,ckaubischdv@wikia.com,307-726-6526
Christean Torrans,ckaubischdv@wikia.com,307-726-6526
Suzanna Bourke,ckaubischdv@wikia.com,307-726-6526
Steve Nehlsen,ckaubischdv@wikia.com,307-726-6526
Kaile Antonelli,ckaubischdv@wikia.com,307-726-6526
Stu Aizikov,ckaubischdv@wikia.com,307-726-6526
Karlene felip,ckaubischdv@wikia.com,307-726-6526
Mychal Mellsop,ckaubischdv@wikia.com,307-726-6526
Emera Wybrew,ckaubischdv@wikia.com,307-726-6526
Farah Bernardo,ckaubischdv@wikia.com,307-726-6526
Lyndell Swinfon,ckaubischdv@wikia.com,307-726-6526
Bern China,ckaubischdv@wikia.com,307-726-6526
Darn Balden,ckaubischdv@wikia.com,307-726-6526
Midge Belton,ckaubischdv@wikia.com,307-726-6526
Roth Mollen,ckaubischdv@wikia.com,307-726-6526
Port Giurio,ckaubischdv@wikia.com,307-726-6526
Ambros Reuter,ckaubischdv@wikia.com,307-726-6526
Alverta Brockhurst,ckaubischdv@wikia.com,307-726-6526
Retha Henriet,ckaubischdv@wikia.com,307-726-6526
Durward Haken,ckaubischdv@wikia.com,307-726-6526
Elsa Forestel,ckaubischdv@wikia.com,307-726-6526
Reinaldo Gretton,ckaubischdv@wikia.com,307-726-6526
Hy Letten,ckaubischdv@wikia.com,307-726-6526
Ardith Tibbles,ckaubischdv@wikia.com,307-726-6526
Rickie Trundell,ckaubischdv@wikia.com,307-726-6526
Georges Luthwood,ckaubischdv@wikia.com,307-726-6526
Dasie Peever,ckaubischdv@wikia.com,307-726-6526
Joel Rand,ckaubischdv@wikia.com,307-726-6526
Lorine Rozec,ckaubischdv@wikia.com,307-726-6526
Linda Hellard,ckaubischdv@wikia.com,307-726-6526
Haskell Vasyutochkin,ckaubischdv@wikia.com,307-726-6526
Ann Klaaassen,ckaubischdv@wikia.com,307-726-6526
Evania McMechan,ckaubischdv@wikia.com,307-726-6526
Wendi Bumfrey,ckaubischdv@wikia.com,307-726-6526
Lurette Dillamore,ckaubischdv@wikia.com,307-726-6526
Dud Rustadge,ckaubischdv@wikia.com,307-726-6526
Concettina Stather,ckaubischdv@wikia.com,307-726-6526
Blakelee Barson,ckaubischdv@wikia.com,307-726-6526
Winnie Woodall,ckaubischdv@wikia.com,307-726-6526
Rutter Fulford,ckaubischdv@wikia.com,307-726-6526
Leah Veryan,ckaubischdv@wikia.com,307-726-6526
Illa Asplin,ckaubischdv@wikia.com,307-726-6526
Erv Dimmack,ckaubischdv@wikia.com,307-726-6526
Garfield Sweeting,ckaubischdv@wikia.com,307-726-6526
Joyann Ridehalgh,ckaubischdv@wikia.com,307-726-6526
Emilie Yearn,ckaubischdv@wikia.com,307-726-6526
Elden Garrick,ckaubischdv@wikia.com,307-726-6526
Giff Millberg,ckaubischdv@wikia.com,307-726-6526
Kara Ritson,ckaubischdv@wikia.com,307-726-6526
Emlen Menier,ckaubischdv@wikia.com,307-726-6526
Martica Yurkevich,ckaubischdv@wikia.com,307-726-6526
Donielle Spinetti,ckaubischdv@wikia.com,307-726-6526
Major Carlaw,ckaubischdv@wikia.com,307-726-6526
Ivy Cordelet,ckaubischdv@wikia.com,307-726-6526
Marcel Renon,ckaubischdv@wikia.com,307-726-6526
Chip Jeafferson,ckaubischdv@wikia.com,307-726-6526
Holly Loges,ckaubischdv@wikia.com,307-726-6526
Valentino Thurbon,ckaubischdv@wikia.com,307-726-6526
Patin Guitonneau,ckaubischdv@wikia.com,307-726-6526
Carita Jobbins,ckaubischdv@wikia.com,307-726-6526
Starla Haysham,ckaubischdv@wikia.com,307-726-6526
Ramsey Dohmer,ckaubischdv@wikia.com,307-726-6526
Alma Boggish,ckaubischdv@wikia.com,307-726-6526
Eldredge Carrel,ckaubischdv@wikia.com,307-726-6526
Merrill Grzegorek,ckaubischdv@wikia.com,307-726-6526
Alix Dobeson,ckaubischdv@wikia.com,307-726-6526
Carmencita Tuer,ckaubischdv@wikia.com,307-726-6526
Parsifal Heining,ckaubischdv@wikia.com,307-726-6526
Thom Andrysek,ckaubischdv@wikia.com,307-726-6526
Janie Rogger,ckaubischdv@wikia.com,307-726-6526
Sumner Throughton,ckaubischdv@wikia.com,307-726-6526
Maurice Wagge,ckaubischdv@wikia.com,307-726-6526
Dora Tennock,ckaubischdv@wikia.com,307-726-6526
Hilliard Exroll,ckaubischdv@wikia.com,307-726-6526
Roderic Sawtell,ckaubischdv@wikia.com,307-726-6526
Dorrie Bleackly,ckaubischdv@wikia.com,307-726-6526
Bernete Emmet,ckaubischdv@wikia.com,307-726-6526
Brady Fray,ckaubischdv@wikia.com,307-726-6526
Dona Paton,ckaubischdv@wikia.com,307-726-6526
Baird Curtain,ckaubischdv@wikia.com,307-726-6526
Lonna Pinkney,ckaubischdv@wikia.com,307-726-6526
Jo Allum,ckaubischdv@wikia.com,307-726-6526
Samson Benny,ckaubischdv@wikia.com,307-726-6526
Mureil Izat,ckaubischdv@wikia.com,307-726-6526
Flem Clausen,ckaubischdv@wikia.com,307-726-6526
Amery Eyers,ckaubischdv@wikia.com,307-726-6526
Sondra Langstone,ckaubischdv@wikia.com,307-726-6526
Nona Franseco,ckaubischdv@wikia.com,307-726-6526
Ara Layburn,ckaubischdv@wikia.com,307-726-6526
Domenico Armstrong,ckaubischdv@wikia.com,307-726-6526
Hewe Walaron,ckaubischdv@wikia.com,307-726-6526
Duky Kniveton,ckaubischdv@wikia.com,307-726-6526
Gram Wilsone,ckaubischdv@wikia.com,307-726-6526
Helen-elizabeth Flancinbaum,ckaubischdv@wikia.com,307-726-6526
Van Miebes,ckaubischdv@wikia.com,307-726-6526
Nolana Norquay,ckaubischdv@wikia.com,307-726-6526
Jeromy Hynd,ckaubischdv@wikia.com,307-726-6526
June Binley,ckaubischdv@wikia.com,307-726-6526
Sheelah Loos,ckaubischdv@wikia.com,307-726-6526
Dov Di Roberto,ckaubischdv@wikia.com,307-726-6526
Audre Boyett,ckaubischdv@wikia.com,307-726-6526
Lorelei Warrington,ckaubischdv@wikia.com,307-726-6526
Zonda Woltman,ckaubischdv@wikia.com,307-726-6526
Sigismondo Chilles,ckaubischdv@wikia.com,307-726-6526
Erminia Kubiak,ckaubischdv@wikia.com,307-726-6526
Druci Glenn,ckaubischdv@wikia.com,307-726-6526
Jeromy Gewer,ckaubischdv@wikia.com,307-726-6526
Edin O'Fihillie,ckaubischdv@wikia.com,307-726-6526
Garey MacCorkell,ckaubischdv@wikia.com,307-726-6526
Maribeth Bulleyn,ckaubischdv@wikia.com,307-726-6526
Rianon Mariolle,ckaubischdv@wikia.com,307-726-6526
Roldan Ransfield,ckaubischdv@wikia.com,307-726-6526
Tedman Leneham,ckaubischdv@wikia.com,307-726-6526
Marlo Haggis,ckaubischdv@wikia.com,307-726-6526
Job Pally,ckaubischdv@wikia.com,307-726-6526
Tina Laugherane,ckaubischdv@wikia.com,307-726-6526
Rose Meads,ckaubischdv@wikia.com,307-726-6526
Trent Nellies,ckaubischdv@wikia.com,307-726-6526
Lanie Mawer,ckaubischdv@wikia.com,307-726-6526
Kay Carbery,ckaubischdv@wikia.com,307-726-6526
Agosto Penzer,ckaubischdv@wikia.com,307-726-6526
Morgan Mitton,ckaubischdv@wikia.com,307-726-6526
Merrick Minchenton,ckaubischdv@wikia.com,307-726-6526
Genny Tombling,ckaubischdv@wikia.com,307-726-6526
Pinchas Titterrell,ckaubischdv@wikia.com,307-726-6526
Randie Sandell,ckaubischdv@wikia.com,307-726-6526
Sutherlan Arrighetti,ckaubischdv@wikia.com,307-726-6526
Manfred Tilzey,ckaubischdv@wikia.com,307-726-6526
Norby Wason,ckaubischdv@wikia.com,307-726-6526
Sonny Passo,ckaubischdv@wikia.com,307-726-6526
Lorry Patey,ckaubischdv@wikia.com,307-726-6526
Hasty O'Sheils,ckaubischdv@wikia.com,307-726-6526
Jorgan Code,ckaubischdv@wikia.com,307-726-6526
Giovanna Trudgian,ckaubischdv@wikia.com,307-726-6526
Phaidra Sappell,ckaubischdv@wikia.com,307-726-6526
Gratia Riccetti,ckaubischdv@wikia.com,307-726-6526
Romeo Maddaford,ckaubischdv@wikia.com,307-726-6526
Jerrylee Bouda,ckaubischdv@wikia.com,307-726-6526
Bunnie Cajkler,ckaubischdv@wikia.com,307-726-6526
Cally Sheldon,ckaubischdv@wikia.com,307-726-6526
Emiline Hansley,ckaubischdv@wikia.com,307-726-6526
Angelle Farryann,ckaubischdv@wikia.com,307-726-6526
Thibaud Defraine,ckaubischdv@wikia.com,307-726-6526
Catherin Sawood,ckaubischdv@wikia.com,307-726-6526
Antonietta Mc Harg,ckaubischdv@wikia.com,307-726-6526
Ike Saunter,ckaubischdv@wikia.com,307-726-6526
Wes Ricold,ckaubischdv@wikia.com,307-726-6526
Rahal Orridge,ckaubischdv@wikia.com,307-726-6526
Mal Scates,ckaubischdv@wikia.com,307-726-6526
Alica Chapell,ckaubischdv@wikia.com,307-726-6526
Connie Kennedy,ckaubischdv@wikia.com,307-726-6526
Hildegarde Beadham,ckaubischdv@wikia.com,307-726-6526
Libby Kaas,ckaubischdv@wikia.com,307-726-6526
Westbrooke Cadman,ckaubischdv@wikia.com,307-726-6526
Shalne Boulstridge,ckaubischdv@wikia.com,307-726-6526
Beulah Fransewich,ckaubischdv@wikia.com,307-726-6526
Otis Cossell,ckaubischdv@wikia.com,307-726-6526
Giraldo Moresby,ckaubischdv@wikia.com,307-726-6526
Didi Parrott,ckaubischdv@wikia.com,307-726-6526
Nelson Gager,ckaubischdv@wikia.com,307-726-6526
Izzy Zarfati,ckaubischdv@wikia.com,307-726-6526
Carroll Rosenau,ckaubischdv@wikia.com,307-726-6526
Yevette Okenden,ckaubischdv@wikia.com,307-726-6526
Penn Lyes,ckaubischdv@wikia.com,307-726-6526
Hyacintha Galland,ckaubischdv@wikia.com,307-726-6526
Alessandra Lapre,ckaubischdv@wikia.com,307-726-6526
Nomi Colclough,ckaubischdv@wikia.com,307-726-6526
Julian Wadlow,ckaubischdv@wikia.com,307-726-6526
Britte Daborne,ckaubischdv@wikia.com,307-726-6526
Harmony Cruft,ckaubischdv@wikia.com,307-726-6526
Debera Longland,ckaubischdv@wikia.com,307-726-6526
Phillie Foy,ckaubischdv@wikia.com,307-726-6526
Monica McMurthy,ckaubischdv@wikia.com,307-726-6526
Kinny Pettersen,ckaubischdv@wikia.com,307-726-6526
Ashlan Schuh,ckaubischdv@wikia.com,307-726-6526
Arley Sillitoe,ckaubischdv@wikia.com,307-726-6526
Anallise Hamberston,ckaubischdv@wikia.com,307-726-6526
Herrick Cattel,ckaubischdv@wikia.com,307-726-6526
Franz Toffoletto,ckaubischdv@wikia.com,307-726-6526
Stanfield Corness,ckaubischdv@wikia.com,307-726-6526
Cody Haken,ckaubischdv@wikia.com,307-726-6526
Prue Gymlett,ckaubischdv@wikia.com,307-726-6526
Wyndham Iorizzo,ckaubischdv@wikia.com,307-726-6526
Maria Skellorne,ckaubischdv@wikia.com,307-726-6526
Raquel Kingh,ckaubischdv@wikia.com,307-726-6526
Rozele Bewshire,ckaubischdv@wikia.com,307-726-6526
Flor Pren,ckaubischdv@wikia.com,307-726-6526
Park von Nassau,ckaubischdv@wikia.com,307-726-6526
Lisbeth Frugier,ckaubischdv@wikia.com,307-726-6526
Shurlock Blackaby,ckaubischdv@wikia.com,307-726-6526
Lisetta Ryall,ckaubischdv@wikia.com,307-726-6526
Gaylord Burden,ckaubischdv@wikia.com,307-726-6526
Lonni Niccols,ckaubischdv@wikia.com,307-726-6526
Adele Hauxley,ckaubischdv@wikia.com,307-726-6526
Dante Garlinge,ckaubischdv@wikia.com,307-726-6526
Dorolice Karoly,ckaubischdv@wikia.com,307-726-6526
Neilla Nichols,ckaubischdv@wikia.com,307-726-6526
Dave Isenor,ckaubischdv@wikia.com,307-726-6526
Alonzo Bernier,ckaubischdv@wikia.com,307-726-6526
Walsh Comar,ckaubischdv@wikia.com,307-726-6526
Vidovik Simester,ckaubischdv@wikia.com,307-726-6526
Lesley Lodewick,ckaubischdv@wikia.com,307-726-6526
Artemus Anchor,ckaubischdv@wikia.com,307-726-6526
Dominick Petford,ckaubischdv@wikia.com,307-726-6526
Reagan Bonick,ckaubischdv@wikia.com,307-726-6526
Kata MacCrackan,ckaubischdv@wikia.com,307-726-6526
Ephrayim Spridgeon,ckaubischdv@wikia.com,307-726-6526
Teddy Cattini,ckaubischdv@wikia.com,307-726-6526
Elvina Yanin,ckaubischdv@wikia.com,307-726-6526
Nickolas Whelan,ckaubischdv@wikia.com,307-726-6526
Lisbeth Matuszak,ckaubischdv@wikia.com,307-726-6526
Merrick McAlpine,ckaubischdv@wikia.com,307-726-6526
Christie Sprull,ckaubischdv@wikia.com,307-726-6526
Carly Farny,ckaubischdv@wikia.com,307-726-6526
Blithe Gippes,ckaubischdv@wikia.com,307-726-6526
Kelley Gullane,ckaubischdv@wikia.com,307-726-6526
Kelwin Ciobotaru,ckaubischdv@wikia.com,307-726-6526
Aleksandr Hablot,ckaubischdv@wikia.com,307-726-6526
Joshua Carnell,ckaubischdv@wikia.com,307-726-6526
Jeniece Sumers,ckaubischdv@wikia.com,307-726-6526
Christy Ivery,ckaubischdv@wikia.com,307-726-6526
Claudina Prosh,ckaubischdv@wikia.com,307-726-6526
Jeanette Reucastle,ckaubischdv@wikia.com,307-726-6526
Zerk Beel,ckaubischdv@wikia.com,307-726-6526
Catina Surman-Wells,ckaubischdv@wikia.com,307-726-6526
Lombard D'Ambrogio,ckaubischdv@wikia.com,307-726-6526
Heather Spondley,ckaubischdv@wikia.com,307-726-6526
Morrie Dundridge,ckaubischdv@wikia.com,307-726-6526
Alix Shimman,ckaubischdv@wikia.com,307-726-6526
Rodolphe Hasley,ckaubischdv@wikia.com,307-726-6526
Calhoun Flemmich,ckaubischdv@wikia.com,307-726-6526
Kenn Wilcocks,ckaubischdv@wikia.com,307-726-6526
Marcelle Ander,ckaubischdv@wikia.com,307-726-6526
Catrina Clohissy,ckaubischdv@wikia.com,307-726-6526
Edeline Rooksby,ckaubischdv@wikia.com,307-726-6526
Hilary Puttick,ckaubischdv@wikia.com,307-726-6526
Mickie Peatheyjohns,ckaubischdv@wikia.com,307-726-6526
Cherilyn Ciabatteri,ckaubischdv@wikia.com,307-726-6526
Tobiah Slaughter,ckaubischdv@wikia.com,307-726-6526
Patricio Stainton,ckaubischdv@wikia.com,307-726-6526
Griffy Mustard,ckaubischdv@wikia.com,307-726-6526
Gaby Deme,ckaubischdv@wikia.com,307-726-6526
Sal Mayer,ckaubischdv@wikia.com,307-726-6526
Hal Lambis,ckaubischdv@wikia.com,307-726-6526
Raimund Hitschke,ckaubischdv@wikia.com,307-726-6526
Garold Slate,ckaubischdv@wikia.com,307-726-6526
Zsa zsa Lipyeat,ckaubischdv@wikia.com,307-726-6526
Aila Bottomer,ckaubischdv@wikia.com,307-726-6526
Kissiah Winston,ckaubischdv@wikia.com,307-726-6526
Jermaine Moulden,ckaubischdv@wikia.com,307-726-6526
Sky Keary,ckaubischdv@wikia.com,307-726-6526
Nikita Huygens,ckaubischdv@wikia.com,307-726-6526
Kandace Tyas,ckaubischdv@wikia.com,307-726-6526
Hale Wharby,ckaubischdv@wikia.com,307-726-6526
Frankie Binyon,ckaubischdv@wikia.com,307-726-6526
Allan Persent,ckaubischdv@wikia.com,307-726-6526
Martie Dict,ckaubischdv@wikia.com,307-726-6526
Christoforo Eck,ckaubischdv@wikia.com,307-726-6526
Virgina Burnside,ckaubischdv@wikia.com,307-726-6526
Wolfie Dodshun,ckaubischdv@wikia.com,307-726-6526
Winne Ditter,ckaubischdv@wikia.com,307-726-6526
Brigham Bayns,ckaubischdv@wikia.com,307-726-6526
Annmarie Schuck,ckaubischdv@wikia.com,307-726-6526
Andrej Menzies,ckaubischdv@wikia.com,307-726-6526
Jania Kelleher,ckaubischdv@wikia.com,307-726-6526
Adham Logue,ckaubischdv@wikia.com,307-726-6526
Rivalee Bigg,ckaubischdv@wikia.com,307-726-6526
Eimile MacCallam,ckaubischdv@wikia.com,307-726-6526
Doralin Oloshin,ckaubischdv@wikia.com,307-726-6526
Tessy Devil,ckaubischdv@wikia.com,307-726-6526
Laraine Freeberne,ckaubischdv@wikia.com,307-726-6526
Raimondo Howsley,ckaubischdv@wikia.com,307-726-6526
Alisa Birds,ckaubischdv@wikia.com,307-726-6526
Brit Hazelgreave,ckaubischdv@wikia.com,307-726-6526
Robinet McDade,ckaubischdv@wikia.com,307-726-6526
Rinaldo Trewman,ckaubischdv@wikia.com,307-726-6526
Lyman Wittke,ckaubischdv@wikia.com,307-726-6526
Norry Mees,ckaubischdv@wikia.com,307-726-6526
Gabriella Close,ckaubischdv@wikia.com,307-726-6526
Rosie Keesman,ckaubischdv@wikia.com,307-726-6526
Bonni Gillimgham,ckaubischdv@wikia.com,307-726-6526
Dosi Macieiczyk,ckaubischdv@wikia.com,307-726-6526
Jacinthe Gabbott,ckaubischdv@wikia.com,307-726-6526
Rosalinde Ridout,ckaubischdv@wikia.com,307-726-6526
Lizbeth Climer,ckaubischdv@wikia.com,307-726-6526
Wheeler Stalley,ckaubischdv@wikia.com,307-726-6526
Melloney Heintze,ckaubischdv@wikia.com,307-726-6526
Sula Ollivierre,ckaubischdv@wikia.com,307-726-6526
Colver MacSweeney,ckaubischdv@wikia.com,307-726-6526
Torrey Aizikovitz,ckaubischdv@wikia.com,307-726-6526
Barny Beminster,ckaubischdv@wikia.com,307-726-6526
Colby Sadd,ckaubischdv@wikia.com,307-726-6526
Pernell Westnedge,ckaubischdv@wikia.com,307-726-6526
Gonzales Kalinsky,ckaubischdv@wikia.com,307-726-6526
Benni Dowsey,ckaubischdv@wikia.com,307-726-6526
Laura Drysdall,ckaubischdv@wikia.com,307-726-6526
Drew Flatte,ckaubischdv@wikia.com,307-726-6526
Lea Gledhall,ckaubischdv@wikia.com,307-726-6526
Lorie Evesque,ckaubischdv@wikia.com,307-726-6526
Daven Lux,ckaubischdv@wikia.com,307-726-6526
Ruperta Flecknoe,ckaubischdv@wikia.com,307-726-6526
Stuart Alpine,ckaubischdv@wikia.com,307-726-6526
Helge Menere,ckaubischdv@wikia.com,307-726-6526
Minna Lewtey,ckaubischdv@wikia.com,307-726-6526
Rebecka Fishburn,ckaubischdv@wikia.com,307-726-6526
Leisha Mapplebeck,ckaubischdv@wikia.com,307-726-6526
Berny Staples,ckaubischdv@wikia.com,307-726-6526
Robinia Worley,ckaubischdv@wikia.com,307-726-6526
Fonz Eagling,ckaubischdv@wikia.com,307-726-6526
Concettina Aggio,ckaubischdv@wikia.com,307-726-6526
Irena Grey,ckaubischdv@wikia.com,307-726-6526
Abbey Mallard,ckaubischdv@wikia.com,307-726-6526
Sumner Vokes,ckaubischdv@wikia.com,307-726-6526
Phebe Endrizzi,ckaubischdv@wikia.com,307-726-6526
Grenville Barrie,ckaubischdv@wikia.com,307-726-6526
Clemmy Vennings,ckaubischdv@wikia.com,307-726-6526
Issie Johnstone,ckaubischdv@wikia.com,307-726-6526
Nina Leggett,ckaubischdv@wikia.com,307-726-6526
Annis Sangra,ckaubischdv@wikia.com,307-726-6526
Giuseppe Dane,ckaubischdv@wikia.com,307-726-6526
Park Dachey,ckaubischdv@wikia.com,307-726-6526
Northrup Butting,ckaubischdv@wikia.com,307-726-6526
Francis Dadswell,ckaubischdv@wikia.com,307-726-6526
Delilah Delnevo,ckaubischdv@wikia.com,307-726-6526
Daniel Spier,ckaubischdv@wikia.com,307-726-6526
Kerianne Harbage,ckaubischdv@wikia.com,307-726-6526
Vladamir Le Pine,ckaubischdv@wikia.com,307-726-6526
Denny Gooderson,ckaubischdv@wikia.com,307-726-6526
Rorke Polley,ckaubischdv@wikia.com,307-726-6526
Rhoda Dymond,ckaubischdv@wikia.com,307-726-6526
Mommy Roumier,ckaubischdv@wikia.com,307-726-6526
Karlens Loidl,ckaubischdv@wikia.com,307-726-6526
Lionel Finby,ckaubischdv@wikia.com,307-726-6526
Nil Pelz,ckaubischdv@wikia.com,307-726-6526
Mac Mogridge,ckaubischdv@wikia.com,307-726-6526
Franklyn McDermid,ckaubischdv@wikia.com,307-726-6526
Leonhard Patching,ckaubischdv@wikia.com,307-726-6526
Darnall Burdett,ckaubischdv@wikia.com,307-726-6526
Emmy Buckthorp,ckaubischdv@wikia.com,307-726-6526
Chev Bert,ckaubischdv@wikia.com,307-726-6526
Avrom Vautier,ckaubischdv@wikia.com,307-726-6526
Katti Reicharz,ckaubischdv@wikia.com,307-726-6526
Harper Orkney,ckaubischdv@wikia.com,307-726-6526
Nataline Crowd,ckaubischdv@wikia.com,307-726-6526
Bambie Halkyard,ckaubischdv@wikia.com,307-726-6526
Taddeo Stodd,ckaubischdv@wikia.com,307-726-6526
Kayley Bohling,ckaubischdv@wikia.com,307-726-6526
Magnum Marrow,ckaubischdv@wikia.com,307-726-6526
Fern Nockells,ckaubischdv@wikia.com,307-726-6526
Melodee Canacott,ckaubischdv@wikia.com,307-726-6526
Sollie Persicke,ckaubischdv@wikia.com,307-726-6526
Consuelo Pitchers,ckaubischdv@wikia.com,307-726-6526
Marabel Selvey,ckaubischdv@wikia.com,307-726-6526
Teodor Gladdolph,ckaubischdv@wikia.com,307-726-6526
Lizbeth Tanti,ckaubischdv@wikia.com,307-726-6526
Graham Kirkup,ckaubischdv@wikia.com,307-726-6526
Lacee Gyves,ckaubischdv@wikia.com,307-726-6526
Roma Scoon,ckaubischdv@wikia.com,307-726-6526
Frannie Antrack,ckaubischdv@wikia.com,307-726-6526
Sunshine ducarme,ckaubischdv@wikia.com,307-726-6526
Carey Triplow,ckaubischdv@wikia.com,307-726-6526
Barri Lebreton,ckaubischdv@wikia.com,307-726-6526
Rochette Janisson,ckaubischdv@wikia.com,307-726-6526
Colette Jirka,ckaubischdv@wikia.com,307-726-6526
Karoly Heatly,ckaubischdv@wikia.com,307-726-6526
Letitia Raithmill,ckaubischdv@wikia.com,307-726-6526
Erda Sherer,ckaubischdv@wikia.com,307-726-6526
Wernher Leidecker,ckaubischdv@wikia.com,307-726-6526
Odette Noye,ckaubischdv@wikia.com,307-726-6526
Chaddie Broughton,ckaubischdv@wikia.com,307-726-6526
Aylmar Bennington,ckaubischdv@wikia.com,307-726-6526
Jilly Wheal,ckaubischdv@wikia.com,307-726-6526
Dru Koppeck,ckaubischdv@wikia.com,307-726-6526
Mata Panting,ckaubischdv@wikia.com,307-726-6526
Catha Gepp,ckaubischdv@wikia.com,307-726-6526
Tyler Tabbernor,ckaubischdv@wikia.com,307-726-6526
Fraze Scriven,ckaubischdv@wikia.com,307-726-6526
Darnall Tebboth,ckaubischdv@wikia.com,307-726-6526
Jacenta Dignum,ckaubischdv@wikia.com,307-726-6526
Emlen Tokley,ckaubischdv@wikia.com,307-726-6526
Federico Balazin,ckaubischdv@wikia.com,307-726-6526
Devon Tebbutt,ckaubischdv@wikia.com,307-726-6526
Moore McRitchie,ckaubischdv@wikia.com,307-726-6526
Eamon Verrillo,ckaubischdv@wikia.com,307-726-6526
Parke Hazleton,ckaubischdv@wikia.com,307-726-6526
Jandy Lomas,ckaubischdv@wikia.com,307-726-6526
Lynda Bavister,ckaubischdv@wikia.com,307-726-6526
Robinetta Haddacks,ckaubischdv@wikia.com,307-726-6526
Cornela Stidworthy,ckaubischdv@wikia.com,307-726-6526
Tami Ivanuschka,ckaubischdv@wikia.com,307-726-6526
Isidora Satterly,ckaubischdv@wikia.com,307-726-6526
Jami Cottage,ckaubischdv@wikia.com,307-726-6526
Enrica MacLennan,ckaubischdv@wikia.com,307-726-6526
Tamar Wishkar,ckaubischdv@wikia.com,307-726-6526
Rebeka Southwood,ckaubischdv@wikia.com,307-726-6526
Nevins Rounsefell,ckaubischdv@wikia.com,307-726-6526
Sibby Armitage,ckaubischdv@wikia.com,307-726-6526
Charil Montier,ckaubischdv@wikia.com,307-726-6526
Nickey Decroix,ckaubischdv@wikia.com,307-726-6526
Alasteir Gehrels,ckaubischdv@wikia.com,307-726-6526
Elnora Gabites,ckaubischdv@wikia.com,307-726-6526
Augie Chaundy,ckaubischdv@wikia.com,307-726-6526
Diandra Snowding,ckaubischdv@wikia.com,307-726-6526
Brit Sorey,ckaubischdv@wikia.com,307-726-6526
Mabel Leith-Harvey,ckaubischdv@wikia.com,307-726-6526
Mignon Fairham,ckaubischdv@wikia.com,307-726-6526
Cornall Dennis,ckaubischdv@wikia.com,307-726-6526
Forster Baccus,ckaubischdv@wikia.com,307-726-6526
Jarib Denis,ckaubischdv@wikia.com,307-726-6526
Camellia Poulett,ckaubischdv@wikia.com,307-726-6526
Woodie Teasell,ckaubischdv@wikia.com,307-726-6526
Niven Stoffel,ckaubischdv@wikia.com,307-726-6526
Berty Laurant,ckaubischdv@wikia.com,307-726-6526
Brier Geffcock,ckaubischdv@wikia.com,307-726-6526
Beulah Conman,ckaubischdv@wikia.com,307-726-6526
Joceline Brewster,ckaubischdv@wikia.com,307-726-6526
Odell Mary,ckaubischdv@wikia.com,307-726-6526
Calli Guidera,ckaubischdv@wikia.com,307-726-6526
Paulina Dixcee,ckaubischdv@wikia.com,307-726-6526
Tarrah Holtham,ckaubischdv@wikia.com,307-726-6526
Shannan Crassweller,ckaubischdv@wikia.com,307-726-6526
Elise Brownsall,ckaubischdv@wikia.com,307-726-6526
Martyn Kunz,ckaubischdv@wikia.com,307-726-6526
Trixie Swainston,ckaubischdv@wikia.com,307-726-6526
Donni Testo,ckaubischdv@wikia.com,307-726-6526
Gaven Chaney,ckaubischdv@wikia.com,307-726-6526
Mariejeanne Giorgini,ckaubischdv@wikia.com,307-726-6526
Therese Coulthard,ckaubischdv@wikia.com,307-726-6526
Niels Hanselmann,ckaubischdv@wikia.com,307-726-6526
Chiquia Balma,ckaubischdv@wikia.com,307-726-6526
Virginie Wagon,ckaubischdv@wikia.com,307-726-6526
Aprilette Patington,ckaubischdv@wikia.com,307-726-6526
Brock Dillet,ckaubischdv@wikia.com,307-726-6526
Bendick Swansbury,ckaubischdv@wikia.com,307-726-6526
Tibold Schuchmacher,ckaubischdv@wikia.com,307-726-6526
Roz Holwell,ckaubischdv@wikia.com,307-726-6526
Alleyn Wilstead,ckaubischdv@wikia.com,307-726-6526
Renell Leathe,ckaubischdv@wikia.com,307-726-6526
Anna-diane Abbitt,ckaubischdv@wikia.com,307-726-6526
Vonny Gisbey,ckaubischdv@wikia.com,307-726-6526
Tommy Luther,ckaubischdv@wikia.com,307-726-6526
Kalina Stiffkins,ckaubischdv@wikia.com,307-726-6526
Olenolin Fiorentino,ckaubischdv@wikia.com,307-726-6526
Way Beade,ckaubischdv@wikia.com,307-726-6526
Hi Solloway,ckaubischdv@wikia.com,307-726-6526
Far MacMarcuis,ckaubischdv@wikia.com,307-726-6526
Mikel Mell,ckaubischdv@wikia.com,307-726-6526
Evonne Conerding,ckaubischdv@wikia.com,307-726-6526
Marius Bernetti,ckaubischdv@wikia.com,307-726-6526
Babbie Catchpole,ckaubischdv@wikia.com,307-726-6526
Keven Dowrey,ckaubischdv@wikia.com,307-726-6526
Udell Magill,ckaubischdv@wikia.com,307-726-6526
Deeyn Winterburn,ckaubischdv@wikia.com,307-726-6526
Consalve Jeanesson,ckaubischdv@wikia.com,307-726-6526
Adam Portail,ckaubischdv@wikia.com,307-726-6526
Beverlie Hixson,ckaubischdv@wikia.com,307-726-6526
Jillene Cowan,ckaubischdv@wikia.com,307-726-6526
Hewitt Stowers,ckaubischdv@wikia.com,307-726-6526
Codie Lupson,ckaubischdv@wikia.com,307-726-6526
Carine Fisby,ckaubischdv@wikia.com,307-726-6526
Adrianna Barkas,ckaubischdv@wikia.com,307-726-6526
Brenda Stothard,ckaubischdv@wikia.com,307-726-6526
Graehme Jee,ckaubischdv@wikia.com,307-726-6526
Halie Chardin,ckaubischdv@wikia.com,307-726-6526
Archaimbaud Stovine,ckaubischdv@wikia.com,307-726-6526
Thia McNeilly,ckaubischdv@wikia.com,307-726-6526
Casi Lippitt,ckaubischdv@wikia.com,307-726-6526
Jenn Eagleston,ckaubischdv@wikia.com,307-726-6526
Meggi O'Hingerty,ckaubischdv@wikia.com,307-726-6526
Adolphus Schonfelder,ckaubischdv@wikia.com,307-726-6526
Ruy Baterip,ckaubischdv@wikia.com,307-726-6526
Vinson Sorensen,ckaubischdv@wikia.com,307-726-6526
Philippe Diggens,ckaubischdv@wikia.com,307-726-6526
Mady Brimfield,ckaubischdv@wikia.com,307-726-6526
Pegeen Bangham,ckaubischdv@wikia.com,307-726-6526
Dunn Rakestraw,ckaubischdv@wikia.com,307-726-6526
Martyn Munson,ckaubischdv@wikia.com,307-726-6526
Zaria Dorwood,ckaubischdv@wikia.com,307-726-6526
Lorry Buckenham,ckaubischdv@wikia.com,307-726-6526
Lynne Ortet,ckaubischdv@wikia.com,307-726-6526
Skippy Yurkiewicz,ckaubischdv@wikia.com,307-726-6526
Alicia Sunter,ckaubischdv@wikia.com,307-726-6526
Vick Geffinger,ckaubischdv@wikia.com,307-726-6526
Derrick Elbourn,ckaubischdv@wikia.com,307-726-6526
Aleda Dominique,ckaubischdv@wikia.com,307-726-6526
Debera Ivanyutin,ckaubischdv@wikia.com,307-726-6526
Kirstin Grinyakin,ckaubischdv@wikia.com,307-726-6526
Haywood Rumbold,ckaubischdv@wikia.com,307-726-6526
Karalynn Lambkin,ckaubischdv@wikia.com,307-726-6526
Kessiah Tynemouth,ckaubischdv@wikia.com,307-726-6526
Carmela Kaubisch,ckaubischdv@wikia.com,307-726-6526
